{
    "accuracy": 0.896,
    "precision": 0.8947066364809839,
    "recall": 0.8947529118846234,
    "f1_score": 0.8945354539246987
}